{
    "mean":{
        "0":8.984375,
        "1":9.95,
        "2":10.7640625,
        "3":11.628125,
        "4":12.778125,
        "5":13.7484375,
        "6":14.7234375,
        "7":15.4265625,
        "8":16.1234375,
        "9":17.0921875,
        "10":17.9734375,
        "11":18.953125,
        "12":20.0609375,
        "13":20.603125,
        "14":21.5859375,
        "15":22.76875,
        "16":23.478125,
        "17":24.5734375,
        "18":25.63125,
        "19":26.234375,
        "20":27.171875,
        "21":28.190625,
        "22":29.2296875,
        "23":30.5828125,
        "24":31.3265625,
        "25":31.853125,
        "26":33.00625,
        "27":33.7125,
        "28":36.6984375,
        "29":38.2640625
    },
    "stdev":{
        "0":0.0768648367,
        "1":0.1848510803,
        "2":0.101850553,
        "3":0.1267070933,
        "4":0.2775626337,
        "5":0.2289422433,
        "6":0.1792521901,
        "7":0.1725908389,
        "8":0.1434524774,
        "9":0.1149154751,
        "10":0.0993263442,
        "11":0.1397542486,
        "12":0.2310651711,
        "13":0.0900845957,
        "14":0.1950623398,
        "15":0.2073832503,
        "16":0.2216548203,
        "17":0.1814182947,
        "18":0.3299206818,
        "19":0.2775802249,
        "20":0.2268586427,
        "21":0.1910855093,
        "22":0.219979802,
        "23":0.390753104,
        "24":0.3796875,
        "25":0.1387373305,
        "26":0.1693277148,
        "27":0.2681133447,
        "28":0.9513058973,
        "29":0.2011259808
    }
}