{
    "mean":{
        "0":3.4671875,
        "1":3.7921875,
        "2":4.115625,
        "3":4.496875,
        "4":4.85625,
        "5":5.209375,
        "6":5.5640625,
        "7":5.896875,
        "8":6.25,
        "9":6.590625,
        "10":6.9578125,
        "11":7.2859375,
        "12":7.690625,
        "13":8.065625,
        "14":8.3921875,
        "15":8.7703125,
        "16":9.15,
        "17":9.50625,
        "18":9.8671875,
        "19":10.2171875,
        "20":10.5984375,
        "21":10.89375,
        "22":11.25,
        "23":11.784375,
        "24":12.021875,
        "25":12.3796875,
        "26":12.7203125,
        "27":13.228125,
        "28":13.80625,
        "29":14.853125
    },
    "stdev":{
        "0":0.0359375,
        "1":0.0356647257,
        "2":0.03365728,
        "3":0.0423895624,
        "4":0.025,
        "5":0.037107319,
        "6":0.0594777072,
        "7":0.02538762,
        "8":0.0376299831,
        "9":0.0502921154,
        "10":0.046377569,
        "11":0.0383051584,
        "12":0.0478033079,
        "13":0.0715345196,
        "14":0.0525009301,
        "15":0.0484375,
        "16":0.0585468562,
        "17":0.037107319,
        "18":0.0696145919,
        "19":0.0366105454,
        "20":0.0550434842,
        "21":0.0722138751,
        "22":0.0644235254,
        "23":0.1969989689,
        "24":0.0833268227,
        "25":0.0651957689,
        "26":0.0649706965,
        "27":0.1309520427,
        "28":0.4925816874,
        "29":0.2867687712
    }
}