{
    "mean":{
        "0":211.71875,
        "1":232.265625,
        "2":250.265625,
        "3":269.734375,
        "4":290.125,
        "5":311.453125,
        "6":331.859375,
        "7":349.4375,
        "8":370.53125,
        "9":390.1875,
        "10":410.4375,
        "11":431.28125,
        "12":451.546875,
        "13":471.828125,
        "14":492.34375,
        "15":512.703125,
        "16":531.328125,
        "17":553.09375,
        "18":573.5625,
        "19":594.375,
        "20":626.859375,
        "21":639.65625,
        "22":654.078125,
        "23":675.390625,
        "24":696.796875,
        "25":713.84375,
        "26":740.640625,
        "27":760.015625,
        "28":778.984375,
        "29":798.265625
    },
    "stdev":{
        "0":0.0,
        "1":0.0,
        "2":0.0,
        "3":0.0,
        "4":0.0,
        "5":0.0,
        "6":0.0,
        "7":0.0,
        "8":0.0,
        "9":0.0,
        "10":0.0,
        "11":0.0,
        "12":0.0,
        "13":0.0,
        "14":0.0,
        "15":0.0,
        "16":0.0,
        "17":0.0,
        "18":0.0,
        "19":0.0,
        "20":0.0,
        "21":0.0,
        "22":0.0,
        "23":0.0,
        "24":0.0,
        "25":0.0,
        "26":0.0,
        "27":0.0,
        "28":0.0,
        "29":0.0
    }
}