{
    "mean":{
        "0":1.528125,
        "1":1.65625,
        "2":1.8203125,
        "3":1.9796875,
        "4":2.1890625,
        "5":2.290625,
        "6":2.45625,
        "7":2.665625,
        "8":2.740625,
        "9":2.9421875,
        "10":3.0828125,
        "11":3.2203125,
        "12":3.4328125,
        "13":3.6125,
        "14":3.7359375,
        "15":3.9765625,
        "16":4.1375,
        "17":4.2953125,
        "18":4.4890625,
        "19":4.6421875,
        "20":4.8546875,
        "21":5.0109375,
        "22":5.1765625,
        "23":5.3859375,
        "24":5.540625,
        "25":5.759375,
        "26":5.8796875,
        "27":6.1015625,
        "28":6.28125,
        "29":6.478125
    },
    "stdev":{
        "0":0.0286410981,
        "1":0.0288110764,
        "2":0.0272878894,
        "3":0.046377569,
        "4":0.0813250855,
        "5":0.02538762,
        "6":0.0387802301,
        "7":0.092227216,
        "8":0.0223169638,
        "9":0.0370084978,
        "10":0.0370084978,
        "11":0.0265625,
        "12":0.0640625,
        "13":0.0647259849,
        "14":0.0538779364,
        "15":0.0564449746,
        "16":0.0229639663,
        "17":0.0520338306,
        "18":0.0895000218,
        "19":0.0552206158,
        "20":0.0563584025,
        "21":0.0389372994,
        "22":0.0541491358,
        "23":0.0383051584,
        "24":0.0667317391,
        "25":0.0509672076,
        "26":0.0677664014,
        "27":0.047005028,
        "28":0.0855816496,
        "29":0.0384006429
    }
}