{
    "mean":{
        "0":3.3875,
        "1":3.7609375,
        "2":4.0859375,
        "3":4.4328125,
        "4":4.7765625,
        "5":5.1328125,
        "6":5.4546875,
        "7":5.8375,
        "8":6.1546875,
        "9":6.5453125,
        "10":6.871875
    },
    "stdev":{
        "0":0.0440835499,
        "1":0.0328125,
        "2":0.0322117627,
        "3":0.0328125,
        "4":0.0328125,
        "5":0.0290221494,
        "6":0.0265625,
        "7":0.0414578099,
        "8":0.0444420708,
        "9":0.0782654987,
        "10":0.0708486503
    }
}